date,open,high,low,close,volume,openinterest
2015-01-05,8.532,8.79,8.308,8.664,5135687.0,0
2015-01-06,8.616,9.091,8.49,8.706,5116845.0,0
2015-01-07,8.546,8.734,8.287,8.483,3857168.0,0
2015-01-08,8.525,8.532,8.056,8.091,3306271.0,0
2015-01-09,8.056,8.79,7.993,8.217,4919999.0,0
2015-01-12,8.266,8.413,7.881,8.07,3677872.0,0
2015-01-13,8.007,8.203,7.986,8.042,1784049.0,0
2015-01-14,8.133,8.469,8.133,8.259,3090188.0,0
2015-01-15,8.259,8.72,8.189,8.699,3298268.0,0
2015-01-16,8.783,9.14,8.727,8.944,4802458.0,0
2015-01-19,8.182,8.427,7.79,7.79,6235208.0,0
2015-01-20,7.832,8.035,7.622,7.916,4792157.0,0
2015-01-21,7.986,8.525,7.783,8.434,4875403.0,0
2015-01-22,8.427,8.448,8.161,8.357,2947382.0,0
2015-01-23,8.434,8.643,8.294,8.357,3200429.0,0
2015-01-26,8.308,8.329,8.007,8.217,2685669.0,0
2015-01-27,8.224,8.224,7.741,7.923,3519140.0,0
2015-01-28,7.79,7.993,7.678,7.783,2422030.0,0
2015-01-29,7.622,7.692,7.441,7.511,2669680.0,0
2015-01-30,7.622,7.699,7.469,7.546,2078653.0,0
2015-02-02,7.259,7.399,7.21,7.245,2116176.0,0
2015-02-03,7.364,7.539,7.231,7.532,1962635.0,0
2015-02-04,7.567,7.629,7.301,7.343,1678962.0,0
2015-02-05,7.741,7.776,7.336,7.343,3943326.0,0
2015-02-06,7.28,7.441,7.182,7.28,1865475.0,0
2015-02-09,7.259,7.406,7.112,7.329,2245855.0,0
2015-02-10,7.322,7.553,7.273,7.518,1836935.0,0
2015-02-11,7.518,7.595,7.434,7.511,1241270.0,0
2015-02-12,7.511,7.518,7.294,7.462,1489541.0,0
2015-02-13,7.567,7.685,7.462,7.518,2083668.0,0
2015-02-16,7.518,7.539,7.399,7.497,1392200.0,0
2015-02-17,7.511,7.622,7.504,7.546,1206652.0,0
2015-02-25,7.553,7.567,7.343,7.413,1409325.0,0
2015-02-26,7.392,7.692,7.294,7.65,2150139.0,0
2015-02-27,7.636,7.776,7.553,7.588,1956068.0,0
2015-03-02,7.622,7.622,7.469,7.553,2187632.0,0
2015-03-03,7.525,7.525,7.203,7.217,2663724.0,0
2015-03-04,7.252,7.266,7.112,7.154,1565959.0,0
2015-03-05,7.105,7.105,6.874,6.923,2265045.0,0
2015-03-06,6.923,7.063,6.895,6.958,1280363.0,0
2015-03-09,7.084,7.706,6.944,7.574,4348014.0,0
2015-03-10,7.441,7.476,7.266,7.287,2548447.0,0
2015-03-11,7.336,7.609,7.336,7.392,2150697.0,0
2015-03-12,7.671,8.308,7.622,8.0,6327818.0,0
2015-03-13,8.049,8.476,7.972,8.119,4401783.0,0
2015-03-16,8.308,8.343,8.056,8.245,3161166.0,0
2015-03-17,8.336,8.392,8.168,8.294,3096776.0,0
2015-03-18,8.315,8.532,8.217,8.532,3546551.0,0
2015-03-19,8.532,8.539,8.322,8.364,3167709.0,0
2015-03-20,8.35,8.678,8.175,8.441,4565312.0,0
2015-03-23,8.49,8.643,8.455,8.553,3575927.0,0
2015-03-24,8.539,8.616,8.336,8.399,3246575.0,0
2015-03-25,8.336,8.42,8.021,8.084,3317303.0,0
2015-03-26,8.021,8.322,7.944,8.168,2823407.0,0
2015-03-27,8.14,8.301,8.035,8.168,2181749.78,0
2015-03-30,8.301,8.755,8.224,8.629,4874426.0,0
2015-03-31,8.951,9.021,8.434,8.469,4940492.0,0
2015-04-01,8.469,8.713,8.441,8.581,3058783.0,0
2015-04-02,8.825,8.881,8.525,8.741,4100876.0,0
2015-04-03,8.616,8.818,8.567,8.755,3203615.0,0
2015-04-07,8.965,9.224,8.93,9.112,5022602.0,0
2015-04-08,9.126,9.343,8.93,9.329,5148163.0,0
2015-04-09,9.35,9.65,9.175,9.224,4973354.0,0
2015-04-10,9.217,9.713,9.147,9.685,4515434.0,0
2015-04-13,10.007,10.35,9.748,10.035,5814065.0,0
2015-04-14,10.035,10.042,9.706,9.937,3728370.0,0
2015-04-15,9.874,10.329,9.811,9.986,4496439.0,0
2015-04-16,9.993,10.483,9.909,10.469,4159845.0,0
2015-04-17,10.678,10.748,10.343,10.434,4901593.0,0
2015-04-20,10.518,10.518,9.734,9.944,5724358.0,0
2015-04-21,9.839,10.147,9.839,10.126,3681946.0,0
2015-04-22,10.224,10.399,10.07,10.364,4207667.0,0
2015-04-23,10.364,10.462,10.091,10.168,3635936.0,0
2015-04-24,9.874,10.035,9.636,9.79,4229271.0,0
2015-04-27,9.818,10.189,9.818,10.133,3845414.0,0
2015-04-28,10.182,10.713,10.014,10.224,6000539.0,0
2015-04-29,10.203,10.476,10.056,10.385,3583937.0,0
2015-04-30,10.21,10.336,10.049,10.063,4127605.0,0
2015-05-04,10.014,10.014,9.734,9.881,2580645.0,0
2015-05-05,9.825,9.839,9.21,9.371,3753864.0,0
2015-05-06,9.371,9.671,9.294,9.357,3036078.0,0
2015-05-07,9.336,9.511,9.301,9.364,2143907.0,0
2015-05-08,9.448,9.525,9.189,9.392,1845600.0,0
2015-05-11,9.301,9.532,9.168,9.504,2771534.0,0
2015-05-12,9.49,9.595,9.343,9.483,2191763.0,0
2015-05-13,9.546,9.588,9.245,9.364,2452444.0,0
2015-05-14,9.385,9.49,9.273,9.308,1923619.0,0
2015-05-15,9.252,9.364,9.028,9.161,2095972.0,0
2015-05-18,9.049,9.147,8.853,8.881,1875552.0,0
2015-05-19,8.874,9.378,8.86,9.343,2422512.0,0
2015-05-20,9.343,9.657,9.294,9.42,2656757.0,0
2015-05-21,9.49,9.595,9.385,9.539,1664034.0,0
2015-05-22,9.636,9.867,9.553,9.846,2480875.0,0
2015-05-25,9.909,10.14,9.902,10.112,2738747.0,0
2015-05-26,10.168,10.329,9.951,10.287,3016652.0,0
2015-05-27,10.322,10.469,10.049,10.063,2969423.0,0
2015-05-28,10.084,10.112,9.322,9.343,3340322.0,0
2015-05-29,9.371,9.56,9.112,9.343,2560873.0,0
2015-06-01,9.343,10.07,9.217,9.965,2863792.0,0
2015-06-02,9.965,9.993,9.664,9.902,2249355.0,0
2015-06-03,9.937,10.049,9.692,9.944,2441396.0,0
2015-06-04,10.014,10.574,9.72,10.455,4718649.0,0
2015-06-05,10.713,10.832,10.028,10.315,3624201.0,0
2015-06-17,10.357,10.699,9.979,10.154,5131186.0,0
2015-06-18,10.077,10.189,9.762,9.818,2782967.0,0
2015-06-19,9.72,9.979,9.203,9.364,2780902.0,0
2015-06-23,9.46,9.907,9.313,9.858,2977488.0,0
2015-06-24,9.865,10.054,9.55,10.019,2578253.0,0
2015-06-25,10.264,10.362,9.599,9.641,2716490.0,0
2015-06-26,9.446,9.9,8.676,9.04,3617767.0,0
2015-06-29,9.355,9.516,8.313,9.082,4206756.0,0
2015-06-30,9.096,9.83,9.082,9.816,3754112.0,0
2015-07-01,9.711,9.795,9.285,9.369,2505559.0,0
2015-07-02,9.495,9.725,9.012,9.404,3222648.0,0
2015-07-03,9.418,9.592,8.516,9.054,3127010.0,0
2015-07-06,10.124,10.166,9.585,9.998,6594218.0,0
2015-07-07,9.802,10.418,9.467,10.243,7137635.0,0
2015-07-08,9.285,10.194,9.012,9.11,8379504.0,0
2015-07-09,9.11,10.124,8.711,9.809,5452372.0,0
2015-07-10,9.676,10.648,9.599,10.04,6477685.0,0
2015-07-13,9.837,10.18,9.711,9.872,3725946.0,0
2015-07-14,9.69,9.83,9.397,9.669,3057258.0,0
2015-07-15,9.634,9.935,9.502,9.893,3482535.0,0
2015-07-16,9.893,9.928,9.641,9.816,1814025.0,0
2015-07-17,9.865,9.977,9.76,9.858,1959275.0,0
2015-07-20,9.844,9.865,9.599,9.62,1729181.0,0
2015-07-21,9.55,9.648,9.355,9.411,1562682.0,0
2015-07-22,9.376,9.411,9.25,9.257,1203527.0,0
2015-07-23,9.313,9.502,9.271,9.446,1145254.0,0
2015-07-24,9.446,9.488,9.236,9.243,1236091.0,0
2015-07-27,9.145,9.215,8.334,8.383,2250915.0,0
2015-07-28,8.222,8.725,8.18,8.613,2460950.0,0
2015-07-29,8.599,8.655,8.529,8.648,1358586.0,0
2015-07-30,8.648,8.697,8.362,8.376,1189217.0,0
2015-07-31,8.425,8.557,8.201,8.495,2349412.0,0
2015-08-03,8.439,8.865,8.348,8.83,2123671.0,0
2015-08-04,8.781,8.914,8.711,8.879,851543.0,0
2015-08-05,8.865,8.893,8.634,8.662,581858.0,0
2015-08-06,8.557,8.844,8.543,8.711,653779.0,0
2015-08-07,8.851,8.893,8.718,8.774,653022.0,0
2015-08-10,8.76,9.047,8.69,8.991,1169382.0,0
2015-08-11,8.935,8.97,8.802,8.844,1051041.0,0
2015-08-12,8.725,8.865,8.711,8.718,791843.0,0
2015-08-13,8.774,8.837,8.648,8.76,740342.0,0
2015-08-14,8.774,8.823,8.704,8.788,663560.0,0
2015-08-17,8.732,8.732,8.599,8.669,1208920.0,0
2015-08-18,8.69,8.809,8.327,8.355,1984452.0,0
2015-08-19,8.355,8.564,8.096,8.446,1990620.0,0
2015-08-20,8.404,8.439,8.208,8.222,881247.0,0
2015-08-21,8.173,8.264,7.886,7.9,1237928.0,0
2015-08-24,7.697,7.711,6.907,6.956,3348594.0,0
2015-08-25,6.725,7.103,6.285,6.62,2894706.0,0
2015-08-26,6.802,7.292,6.627,7.061,2352145.0,0
2015-08-27,7.159,7.809,7.033,7.732,2120088.0,0
2015-08-28,7.816,7.97,7.641,7.914,2089509.0,0
2015-08-31,7.886,8.432,7.718,8.418,2026285.0,0
2015-09-01,8.208,8.683,8.033,8.676,3049046.0,0
2015-09-02,8.376,8.704,8.25,8.369,2550452.0,0
2015-09-07,8.257,8.453,7.858,8.096,2879486.0,0
2015-09-08,8.11,8.557,7.9,8.488,3308141.0,0
2015-09-09,8.383,8.634,8.383,8.557,2419175.0,0
2015-09-10,8.488,8.634,8.418,8.62,2057490.0,0
2015-09-11,8.69,8.907,8.655,8.837,2887085.0,0
2015-09-14,8.795,9.11,8.397,9.096,1839366.0,0
2015-09-15,8.816,8.83,8.613,8.767,1076024.0,0
2015-09-16,8.662,9.005,8.467,8.746,741289.0,0
2015-09-17,8.683,8.767,8.516,8.522,508486.0,0
2015-09-18,8.557,8.648,8.46,8.467,408992.0,0
2015-09-21,8.418,8.502,8.334,8.425,404883.0,0
2015-09-22,8.425,8.606,8.425,8.481,386738.0,0
2015-09-23,8.383,8.446,8.222,8.411,545806.0,0
2015-09-24,8.411,8.655,8.355,8.634,788625.0,0
2015-09-25,8.55,8.879,8.55,8.858,1360708.0,0
2015-09-28,8.83,9.117,8.739,9.089,914258.0,0
2015-09-29,8.998,9.138,8.914,9.124,1141902.0,0
2015-09-30,9.11,9.599,9.075,9.585,2110381.0,0
2015-10-08,9.704,9.704,9.026,9.054,1400571.0,0
2015-10-09,9.124,9.25,9.04,9.075,415258.0,0
2015-10-12,9.075,9.32,8.956,9.187,936333.0,0
2015-10-13,9.131,9.222,9.04,9.124,546987.0,0
2015-10-14,9.012,9.208,9.012,9.075,442978.0,0
2015-10-26,9.166,9.543,9.166,9.341,1010410.0,0
2015-10-27,9.306,9.46,9.25,9.369,749339.0,0
2015-10-28,9.327,9.522,9.208,9.362,742262.0,0
2015-10-29,9.355,9.585,9.306,9.557,757605.0,0
2015-10-30,9.495,9.62,9.411,9.418,454654.0,0
2015-11-02,9.355,9.509,9.299,9.432,381227.0,0
2015-11-03,9.425,9.683,9.404,9.467,604850.0,0
2015-11-04,9.446,9.788,9.446,9.732,650539.0,0
2015-11-05,9.739,10.592,9.669,10.341,2317996.0,0
2015-11-06,10.208,10.669,10.201,10.46,1275942.0,0
2015-11-09,10.488,11.376,10.46,10.648,1578200.0,0
2015-11-10,10.543,11.026,10.418,10.802,1404271.0,0
2015-11-11,10.83,10.886,10.194,10.355,921302.0,0
2015-11-12,10.404,10.425,9.949,10.096,777901.0,0
2015-11-13,9.984,10.264,9.949,10.25,734331.0,0
2015-11-16,10.082,10.25,9.984,10.138,451446.0,0
2015-11-17,10.166,10.411,10.138,10.152,635392.0,0
2015-11-18,10.173,10.32,10.012,10.117,575845.0,0
2015-11-19,10.054,10.536,10.054,10.474,1025434.0,0
2015-11-20,10.411,10.984,10.39,10.872,1482062.0,0
2015-11-23,10.9,11.334,10.851,11.285,1712037.0,0
2015-11-24,11.173,11.327,10.956,11.278,1293891.0,0
2015-11-25,11.173,11.718,10.851,11.711,3265247.0,0
2015-11-26,11.592,11.732,11.383,11.502,2149442.0,0
2015-11-27,11.355,11.536,10.823,10.914,1056087.0,0
2015-11-30,10.851,11.11,10.264,10.998,976338.0,0
2015-12-01,10.788,11.243,10.599,11.005,634305.0,0
2015-12-02,10.9,11.942,10.879,11.837,1536080.0,0
2015-12-03,11.732,11.781,11.397,11.418,1103463.0,0
2015-12-04,11.432,11.432,11.026,11.04,702758.0,0
2015-12-07,11.04,11.592,11.04,11.557,833468.0,0
2015-12-08,11.439,12.026,11.11,12.012,2398849.0,0
2015-12-09,11.648,11.648,11.32,11.404,920494.0,0
2015-12-10,11.481,11.858,11.32,11.432,570913.0,0
2015-12-11,11.25,11.397,10.844,10.963,870668.0,0
2015-12-14,10.76,10.984,10.564,10.858,707369.0,0
2015-12-15,10.851,11.117,10.662,10.76,516857.0,0
2015-12-16,10.795,10.858,10.62,10.669,387006.0,0
2015-12-17,10.725,10.97,10.683,10.886,533040.0,0
2015-12-18,10.886,11.802,10.844,11.11,922119.0,0
2015-12-21,11.096,11.522,10.921,11.341,824900.0,0
2015-12-22,11.25,11.446,11.082,11.173,531227.0,0
2015-12-23,11.18,11.334,10.97,11.159,661281.0,0
2015-12-24,11.138,11.341,11.012,11.271,571715.0,0
2015-12-25,11.257,11.578,11.194,11.467,554278.0,0
2015-12-28,11.502,11.543,10.977,11.033,499806.0,0
2015-12-29,10.984,11.187,10.816,11.061,472884.0,0
2015-12-30,11.04,11.089,10.76,10.942,356873.0,0
2015-12-31,10.907,10.907,10.725,10.732,279361.0,0
2016-01-04,10.739,10.739,10.229,10.404,422406.0,0
2016-01-05,10.201,10.585,10.124,10.516,580547.0,0
2016-01-06,10.474,10.641,10.327,10.613,467726.0,0
2016-01-07,10.404,10.474,10.124,10.201,113504.0,0
2016-01-08,10.362,10.46,9.781,10.187,719182.0,0
2016-01-11,9.991,10.159,9.816,9.879,901771.0,0
2016-01-12,9.963,10.208,9.9,10.159,553744.0,0
2016-01-13,10.243,10.474,10.089,10.117,478693.0,0
2016-01-14,9.844,10.536,9.767,10.488,548388.0,0
2016-01-15,10.404,10.648,10.208,10.25,467231.0,0
2016-01-18,10.145,10.536,10.068,10.32,327290.0,0
2016-01-19,10.39,10.46,10.194,10.383,298071.0,0
2016-01-20,10.271,10.334,9.9,10.019,359686.0,0
2016-01-21,9.998,10.166,9.495,9.55,341971.0,0
2016-01-22,9.732,9.921,9.488,9.858,420073.0,0
2016-01-25,9.844,9.963,9.648,9.865,235589.0,0
2016-01-26,9.816,9.942,9.425,9.606,382797.0,0
2016-01-27,9.669,9.83,9.502,9.62,442913.0,0
2016-01-28,9.676,9.718,9.061,9.55,389021.0,0
2016-01-29,9.509,9.879,9.432,9.774,474290.0,0
2016-02-01,9.837,9.844,9.432,9.495,291395.0,0
2016-02-02,9.495,9.802,9.467,9.676,253809.0,0
2016-02-03,9.564,9.606,9.46,9.571,277791.0,0
2016-02-04,9.732,10.068,9.585,10.054,471628.0,0
2016-02-05,10.012,10.816,9.949,10.809,784134.0,0
2016-02-15,10.529,10.879,10.404,10.858,672963.0,0
2016-03-11,10.201,10.215,9.571,9.823,982403.0,0
2016-03-14,9.76,10.173,9.718,9.746,569222.0,0
2016-03-15,9.809,9.977,9.711,9.858,375409.0,0
2016-03-16,9.788,10.592,9.781,10.564,1084043.0,0
2016-03-17,10.411,10.676,10.159,10.334,686358.0,0
2016-03-18,10.397,10.543,10.299,10.432,559879.0,0
2016-03-21,10.39,10.718,10.39,10.585,420015.0,0
2016-03-22,10.606,10.984,10.557,10.648,437608.0,0
2016-03-23,10.655,10.788,10.585,10.634,278307.0,0
2016-03-24,10.62,10.62,10.32,10.348,274482.0,0
2016-03-25,10.348,10.453,10.32,10.362,136191.0,0
2016-03-28,10.39,10.543,10.103,10.159,245216.0,0
2016-03-29,10.215,10.306,10.103,10.159,191511.0,0
2016-03-30,10.299,10.509,10.299,10.453,355621.0,0
2016-03-31,10.529,10.599,10.348,10.495,237621.0,0
2016-04-01,10.529,10.718,10.271,10.669,357905.0,0
2016-04-05,10.502,10.746,10.376,10.662,426222.0,0
2016-04-06,10.564,10.641,10.453,10.516,234287.0,0
2016-04-07,10.509,10.543,10.285,10.327,290477.0,0
2016-04-08,10.236,10.376,10.215,10.264,171322.0,0
2016-04-11,10.264,10.418,10.229,10.313,241176.0,0
2016-04-12,10.327,10.334,10.215,10.278,141007.0,0
2016-04-13,10.355,10.536,10.327,10.362,351897.0,0
2016-04-14,10.474,10.55,10.369,10.404,157962.0,0
2016-04-15,10.509,10.585,10.404,10.467,347735.0,0
2016-04-18,10.369,10.564,10.306,10.411,280841.0,0
2016-04-19,10.509,10.529,10.39,10.474,272463.0,0
2016-04-20,10.467,10.536,10.061,10.516,466146.0,0
2016-04-21,10.418,10.788,10.369,10.627,482129.0,0
2016-04-22,10.543,10.795,10.502,10.711,281781.0,0
2016-04-25,10.648,10.655,10.418,10.46,242943.0,0
2016-04-26,10.453,10.599,10.369,10.488,157394.0,0
2016-04-27,10.522,10.522,10.404,10.446,138388.0,0
2016-04-28,10.495,10.613,10.425,10.474,157284.0,0
2016-04-29,10.425,10.502,10.369,10.425,230659.0,0
2016-05-03,10.509,10.711,10.425,10.627,277767.0,0
2016-05-04,10.585,10.704,10.557,10.599,231189.0,0
2016-05-05,10.585,10.627,10.529,10.585,149366.0,0
2016-05-06,10.592,10.613,10.341,10.355,234067.0,0
2016-05-09,10.341,10.404,10.124,10.201,219475.0,0
2016-05-10,10.11,10.236,10.11,10.18,168466.0,0
2016-05-11,10.229,10.243,10.124,10.159,119411.0,0
2016-05-12,10.145,10.194,9.984,10.131,146689.0,0
2016-05-13,10.103,10.166,9.998,10.012,110138.0,0
2016-05-16,10.005,10.089,9.991,10.047,110456.0,0
2016-05-17,10.047,10.082,9.956,10.019,97651.0,0
2016-05-18,10.019,10.278,9.858,10.236,309624.0,0
2016-05-19,10.152,10.187,10.075,10.089,103808.0,0
2016-05-20,10.061,10.194,10.033,10.159,111406.0,0
2016-05-23,10.194,10.32,10.152,10.229,140806.0,0
2016-05-24,10.18,10.264,10.145,10.229,107259.0,0
2016-05-25,10.32,10.355,10.264,10.313,137662.0,0
2016-05-26,10.299,10.446,10.299,10.334,110650.0,0
2016-05-27,10.327,10.383,10.285,10.362,116212.0,0
2016-05-30,10.432,10.522,10.32,10.509,175381.0,0
2016-05-31,10.495,10.823,10.488,10.746,356315.0,0
2016-06-01,10.753,10.788,10.634,10.676,183124.0,0
2016-06-02,10.683,10.753,10.495,10.557,177865.0,0
2016-06-03,10.627,10.634,10.474,10.55,180035.0,0
2016-06-06,10.578,10.62,10.522,10.557,178562.0,0
2016-06-07,10.613,10.634,10.522,10.557,165339.0,0
2016-06-08,10.55,10.592,10.522,10.536,237583.0,0
2016-06-13,10.446,10.502,10.383,10.39,300515.0,0
2016-06-14,10.383,10.425,10.334,10.397,187733.0,0
2016-06-15,10.271,10.376,10.229,10.362,263321.0,0
2016-06-16,10.313,10.495,10.264,10.404,308711.0,0
2016-06-17,10.369,10.536,10.362,10.383,174122.0,0
2016-06-20,10.495,10.495,10.369,10.439,96814.0,0
2016-06-21,10.46,10.509,10.369,10.39,158528.0,0
2016-06-22,10.404,10.474,10.39,10.467,142275.0,0
2016-06-23,10.547,10.547,10.401,10.409,128822.0,0
2016-06-24,10.393,10.462,9.916,10.07,305755.0,0
2016-06-27,10.078,10.155,9.993,10.093,191634.0,0
2016-06-28,10.062,10.085,9.993,10.07,125598.0,0
2016-06-29,10.078,10.27,10.07,10.239,212533.0,0
2016-06-30,10.239,10.362,10.193,10.293,207358.0,0
2016-07-01,10.293,10.593,10.27,10.562,251064.0,0
2016-07-04,10.516,10.647,10.47,10.57,214116.0,0
2016-07-05,10.578,10.585,10.432,10.462,161716.0,0
2016-07-06,10.401,10.439,10.324,10.347,229765.0,0
2016-07-07,10.339,10.347,10.201,10.293,244980.0,0
2016-07-08,10.278,10.285,10.193,10.201,149013.0,0
2016-07-11,10.285,10.293,10.162,10.185,228524.0,0
2016-07-12,10.224,10.355,10.201,10.347,255451.0,0
2016-07-13,10.355,10.601,10.347,10.462,362380.0,0
2016-07-14,10.447,10.501,10.347,10.393,168834.0,0
2016-07-15,10.401,10.432,10.355,10.401,159981.0,0
2016-07-18,10.416,10.555,10.362,10.447,277669.0,0
2016-07-19,10.447,10.47,10.355,10.416,171798.0,0
2016-07-20,10.393,10.439,10.339,10.432,148665.0,0
2016-07-21,10.424,10.524,10.393,10.493,220204.0,0
2016-07-22,10.478,10.485,10.301,10.339,167117.0,0
2016-07-25,10.339,10.439,10.339,10.385,114419.0,0
2016-07-26,10.385,10.462,10.355,10.424,204623.0,0
2016-07-27,10.416,10.532,10.201,10.524,406973.0,0
2016-07-28,10.447,10.462,10.355,10.378,174513.0,0
2016-07-29,10.355,10.401,10.324,10.393,143483.0,0
2016-08-01,10.378,10.509,10.355,10.47,229099.0,0
2016-08-02,10.462,10.509,10.378,10.432,108778.0,0
2016-08-03,10.347,10.409,10.332,10.37,105839.0,0
2016-08-04,10.385,10.385,10.232,10.309,156104.0,0
2016-08-05,10.316,10.47,10.309,10.416,176485.0,0
2016-08-08,10.439,10.439,10.362,10.424,131293.0,0
2016-08-09,10.432,10.47,10.401,10.462,154808.0,0
2016-08-10,10.47,10.509,10.416,10.493,184995.0,0
2016-08-11,10.432,10.932,10.424,10.678,526894.0,0
2016-08-12,10.716,10.924,10.624,10.901,469916.0,0
2016-08-15,11.009,11.409,10.97,11.347,773338.0,0
2016-08-16,11.347,11.385,11.139,11.162,493840.0,0
2016-08-17,11.178,11.278,11.024,11.116,364465.0,0
2016-08-18,11.047,11.216,10.893,10.962,371101.0,0
2016-08-19,10.955,11.009,10.901,10.947,199273.0,0
2016-08-22,10.947,10.985,10.862,10.939,197686.0,0
2016-08-23,10.939,11.055,10.87,10.932,317543.0,0
2016-08-24,10.939,11.016,10.885,10.924,170854.0,0
2016-08-25,10.901,10.939,10.778,10.885,247499.0,0
2016-08-26,10.901,10.932,10.847,10.885,146880.0,0
2016-08-29,10.862,10.909,10.685,10.801,302020.0,0
2016-08-30,10.809,11.001,10.809,10.932,363969.0,0
2016-08-31,10.893,11.055,10.87,10.993,220034.0,0
2016-09-01,10.993,11.047,10.916,10.939,212720.0,0
2016-09-02,10.916,11.009,10.893,10.993,231470.0,0
2016-09-05,11.001,11.07,10.947,11.001,256770.0,0
2016-09-06,11.001,11.032,10.909,10.939,202826.0,0
2016-09-07,10.939,11.009,10.893,10.993,179755.0,0
2016-09-08,10.985,11.093,10.955,11.085,244069.0,0
2016-09-09,11.101,11.132,11.009,11.055,187394.0,0
2016-09-12,10.916,10.985,10.824,10.932,365091.0,0
2016-09-13,10.932,10.978,10.924,10.97,142343.0,0
2016-09-14,10.955,10.993,10.916,10.932,239814.0,0
2016-09-19,10.97,11.016,10.947,10.978,144659.0,0
2016-09-20,10.985,10.993,10.947,10.978,173968.0,0
2016-09-21,10.985,11.016,10.955,10.97,94161.0,0
2016-09-22,11.001,11.078,10.985,11.032,115278.0,0
2016-09-23,11.047,11.047,10.993,10.993,102004.0,0
2016-09-26,10.97,11.062,10.939,10.993,207691.0,0
2016-09-27,10.947,11.024,10.947,10.993,170254.0,0
2016-09-28,10.993,11.032,10.978,10.993,128419.0,0
2016-09-29,11.024,11.047,11.001,11.009,109974.0,0
2016-09-30,11.009,11.032,10.993,11.001,121902.0,0
2016-10-10,11.032,11.085,10.993,11.047,186668.0,0
2016-10-11,11.062,11.07,11.009,11.062,126903.0,0
2016-10-12,11.039,11.039,10.993,11.016,106438.0,0
2016-10-13,11.016,11.024,10.947,10.955,145043.0,0
2016-10-14,10.955,10.985,10.916,10.978,106601.0,0
2016-10-17,10.939,10.962,10.793,10.832,164249.0,0
2016-10-18,10.839,10.924,10.809,10.885,182518.0,0
2016-10-19,10.893,10.924,10.809,10.832,111431.0,0
2016-10-20,10.832,10.885,10.816,10.847,89857.0,0
2016-10-21,10.847,10.885,10.793,10.855,108847.0,0
2016-10-24,10.855,11.07,10.832,10.985,247572.0,0
2016-10-25,10.993,11.009,10.901,10.947,133093.0,0
2016-10-26,10.932,10.947,10.855,10.87,124368.0,0
2016-10-27,10.855,10.862,10.762,10.77,195174.0,0
2016-10-28,10.77,10.885,10.762,10.847,150672.0,0
2016-10-31,10.801,10.862,10.632,10.832,146732.0,0
2016-11-01,10.824,10.878,10.785,10.855,130282.0,0
2016-11-02,10.785,10.855,10.762,10.778,250511.0,0
2016-11-03,10.77,10.916,10.77,10.893,258641.0,0
2016-11-04,10.855,11.032,10.847,10.932,215164.0,0
2016-11-07,10.924,10.97,10.916,10.947,213516.0,0
2016-11-08,10.97,11.039,10.962,10.985,173071.0,0
2016-11-09,10.985,11.032,10.901,10.978,398265.0,0
2016-11-10,11.047,11.116,10.993,11.062,204845.0,0
2016-11-11,11.055,11.109,10.97,11.078,215391.0,0
2016-11-14,11.032,11.162,11.024,11.085,181244.0,0
2016-11-15,11.078,11.093,11.009,11.078,157141.0,0
2016-11-16,11.078,11.109,11.039,11.085,123955.0,0
2016-11-17,11.07,11.109,11.024,11.085,227185.0,0
2016-11-18,11.078,11.116,11.047,11.085,292743.0,0
2016-11-21,11.078,11.185,11.039,11.116,214324.0,0
2016-11-22,11.139,11.178,11.109,11.147,210809.0,0
2016-11-23,11.147,11.57,11.132,11.339,450364.0,0
2016-11-24,11.339,11.485,11.285,11.309,210431.0,0
2016-11-25,11.309,11.47,11.247,11.462,233352.0,0
2016-11-28,11.509,11.77,11.509,11.555,338352.0,0
2016-11-29,11.555,11.662,11.478,11.593,295300.0,0
2016-11-30,11.609,11.739,11.47,11.516,201350.0,0
2016-12-01,11.509,11.601,11.432,11.509,184492.0,0
2016-12-02,11.47,11.532,11.239,11.47,338958.0,0
2016-12-05,11.355,11.639,11.324,11.624,382013.0,0
2016-12-06,11.609,11.716,11.547,11.562,209480.0,0
2016-12-07,11.524,11.547,11.439,11.447,155507.0,0
2016-12-08,11.509,11.547,11.424,11.501,132345.0,0
2016-12-09,11.501,11.747,11.485,11.655,288356.0,0
2016-12-12,11.655,11.832,11.539,11.77,483595.0,0
2016-12-13,11.67,11.732,11.516,11.524,156028.0,0
2016-12-14,11.524,11.716,11.485,11.532,178605.0,0
2016-12-15,11.493,11.493,11.162,11.162,308096.0,0
2016-12-16,11.162,11.262,11.109,11.132,145313.0,0
2016-12-19,11.124,11.162,11.016,11.024,84834.0,0
2016-12-20,11.024,11.055,10.716,10.839,225258.0,0
2016-12-21,10.824,10.909,10.816,10.87,126388.0,0
2016-12-22,10.87,10.878,10.732,10.77,114991.0,0
2016-12-23,10.755,10.793,10.678,10.77,111879.0,0
2016-12-26,10.724,10.839,10.632,10.816,144824.0,0
2016-12-27,10.816,10.87,10.724,10.732,106658.0,0
2016-12-28,10.732,10.77,10.647,10.693,144415.0,0
2016-12-29,10.693,10.739,10.616,10.678,118513.0,0
2016-12-30,10.678,10.801,10.655,10.785,122621.0,0
2017-01-03,10.785,10.962,10.755,10.855,162371.0,0
2017-01-04,10.847,10.893,10.762,10.878,296587.0,0
2017-01-05,10.855,10.916,10.809,10.855,264376.0,0
2017-01-06,10.855,10.855,10.724,10.762,171955.0,0
2017-01-09,10.809,10.847,10.724,10.778,149087.0,0
2017-01-10,10.762,10.809,10.732,10.77,79967.0,0
2017-01-11,10.809,10.809,10.739,10.747,91933.0,0
2017-01-12,10.762,10.778,10.709,10.716,82961.0,0
2017-01-13,10.701,10.847,10.701,10.832,190341.0,0
2017-01-16,10.801,11.085,10.701,11.055,533047.0,0
2017-01-17,10.978,11.039,10.909,10.932,125552.0,0
2017-01-18,10.947,11.047,10.901,10.993,114786.0,0
2017-01-19,10.955,11.116,10.955,11.039,121806.0,0
2017-01-20,11.07,11.132,11.009,11.085,142882.0,0
2017-01-23,11.132,11.155,11.016,11.062,146165.0,0
2017-01-24,11.07,11.162,11.07,11.155,149852.0,0
2017-01-25,11.155,11.193,11.093,11.155,112848.0,0
2017-01-26,11.155,11.27,11.093,11.193,86029.0,0
2017-02-03,11.255,11.278,11.101,11.109,81742.0,0
2017-02-06,11.201,11.224,11.132,11.132,134558.0,0
2017-02-07,11.124,11.193,11.109,11.139,147592.0,0
2017-02-08,11.109,11.155,11.039,11.139,112388.0,0
2017-02-09,11.147,11.216,11.078,11.178,113930.0,0
2017-02-10,11.209,11.27,11.162,11.224,139852.0,0
2017-02-13,11.301,11.316,11.224,11.278,199928.0,0
2017-02-14,11.293,11.301,11.193,11.201,129872.0,0
2017-02-15,11.255,11.339,11.201,11.27,256880.0,0
2017-02-16,11.301,11.324,11.209,11.224,163278.0,0
2017-02-17,11.224,11.255,11.078,11.116,138636.0,0
2017-02-20,11.101,11.378,11.101,11.324,299499.0,0
2017-02-21,11.301,11.455,11.247,11.301,175091.0,0
2017-02-22,11.301,11.316,11.185,11.201,170322.0,0
2017-02-23,11.224,11.262,11.116,11.155,150111.0,0
2017-02-24,11.139,11.201,11.132,11.17,115949.0,0
2017-02-27,11.155,11.178,11.032,11.078,137322.0,0
2017-02-28,11.07,11.139,11.032,11.078,120979.0,0
2017-03-01,11.07,11.101,11.024,11.055,162269.0,0
2017-03-02,11.101,11.101,10.924,10.939,189966.0,0
2017-03-03,10.947,10.955,10.87,10.893,124294.0,0
2017-03-06,10.909,11.032,10.893,10.939,157037.0,0
2017-03-07,10.916,10.97,10.909,10.955,93198.0,0
2017-03-08,10.932,10.962,10.893,10.924,101096.0,0
2017-03-09,10.909,10.932,10.793,10.793,173660.0,0
2017-03-10,10.801,10.839,10.755,10.801,163963.0,0
2017-03-13,10.801,10.885,10.747,10.885,179501.0,0
2017-03-14,10.885,10.893,10.809,10.824,169889.0,0
2017-03-15,10.809,10.839,10.755,10.809,189003.0,0
2017-03-16,10.832,10.893,10.816,10.847,190365.0,0
2017-03-17,10.855,10.87,10.732,10.778,215603.0,0
2017-03-20,10.809,10.816,10.724,10.732,150178.0,0
2017-03-21,10.739,10.747,10.609,10.624,311246.0,0
2017-03-22,10.609,10.609,10.393,10.455,438114.0,0
2017-03-23,10.47,10.562,10.462,10.532,222256.0,0
2017-03-24,10.509,10.624,10.493,10.593,199020.0,0
2017-03-27,10.601,10.724,10.547,10.655,189973.0,0
2017-03-28,10.709,10.724,10.601,10.632,132129.0,0
2017-03-29,10.632,10.709,10.47,10.524,234467.0,0
2017-03-30,10.532,10.547,10.409,10.478,236451.0,0
2017-03-31,10.455,10.662,10.447,10.632,241871.0,0
2017-04-05,10.662,10.778,10.539,10.747,310362.0,0
2017-04-06,10.693,10.762,10.647,10.701,223354.0,0
2017-04-07,10.67,10.747,10.639,10.701,201269.0,0
2017-04-10,10.716,10.716,10.578,10.601,161540.0,0
2017-04-11,10.601,10.616,10.478,10.539,186113.0,0
2017-04-12,10.532,10.593,10.432,10.539,222105.0,0
2017-04-13,10.532,10.539,10.416,10.432,234266.0,0
2017-04-14,10.439,10.455,10.178,10.247,401565.0,0
2017-04-17,10.262,10.316,10.085,10.285,367394.0,0
2017-04-18,10.239,10.255,10.085,10.085,228899.0,0
2017-04-19,10.047,10.062,9.939,9.939,244554.0,0
2017-04-20,9.947,9.962,9.778,9.785,410614.0,0
2017-04-21,9.793,9.909,9.739,9.893,226883.0,0
2017-04-24,9.893,9.939,9.785,9.855,176278.0,0
2017-04-25,9.87,9.932,9.847,9.893,129759.0,0
2017-04-26,9.901,9.939,9.855,9.893,149398.0,0
2017-04-27,9.893,10.047,9.878,10.016,228876.0,0
2017-04-28,9.97,10.024,9.916,10.016,157185.0,0
2017-05-02,10.016,10.024,9.955,9.978,126075.0,0
2017-05-03,9.978,9.978,9.893,9.916,142479.0,0
2017-05-04,9.909,9.909,9.778,9.839,194777.0,0
2017-05-05,9.816,9.839,9.485,9.793,401945.0,0
2017-05-08,9.685,9.778,9.478,9.747,435685.0,0
2017-05-09,9.616,9.732,9.593,9.67,192254.0,0
2017-05-10,9.67,9.739,9.509,9.555,283594.0,0
2017-05-11,9.524,9.693,9.509,9.662,273129.0,0
2017-05-12,9.662,10.032,9.647,10.016,457334.0,0
2017-05-15,10.062,10.185,9.978,10.062,299658.0,0
2017-05-16,10.032,10.078,9.916,10.062,248753.0,0
2017-05-17,10.039,10.055,9.909,10.016,334344.0,0
2017-05-18,9.932,9.962,9.816,9.862,306579.0,0
2017-05-19,9.885,9.916,9.785,9.87,286106.0,0
2017-05-22,9.87,9.901,9.801,9.885,302272.0,0
2017-05-23,9.855,10.293,9.839,10.185,754004.0,0
2017-05-24,10.147,10.255,10.016,10.216,704390.0,0
2017-05-25,10.22,11.4,10.19,11.4,2223734.0,0
2017-05-26,11.28,11.38,11.01,11.31,1764566.0,0
2017-05-31,11.22,11.52,11.13,11.31,1130098.0,0
2017-06-01,11.25,11.44,11.16,11.39,962170.0,0
2017-06-02,11.4,11.48,11.21,11.36,801977.0,0
2017-06-05,11.26,11.35,10.98,11.32,758764.0,0
2017-06-06,11.27,11.31,11.13,11.27,361044.0,0
2017-06-07,11.28,11.46,11.25,11.31,643951.0,0
2017-06-08,11.23,11.33,11.14,11.31,481948.0,0
2017-06-09,11.26,11.67,11.24,11.4,1144343.0,0
2017-06-12,11.37,11.61,11.23,11.25,739311.0,0
2017-06-13,11.25,11.25,11.03,11.06,527160.0,0
2017-06-14,11.07,11.11,10.78,10.93,553069.0,0
2017-06-15,10.88,10.93,10.75,10.85,374928.0,0
2017-06-16,10.85,10.93,10.74,10.82,473510.0,0
2017-06-19,10.83,10.9,10.77,10.87,329412.0,0
2017-06-20,10.88,10.91,10.69,10.76,446451.0,0
2017-06-21,10.87,10.87,10.73,10.81,340000.0,0
2017-06-22,10.8,11.31,10.76,11.04,1102594.0,0
2017-06-23,11.02,11.12,10.83,11.11,685790.0,0
2017-06-26,11.11,11.29,11.02,11.11,605091.0,0
2017-06-27,11.11,11.2,11.0,11.17,466874.0,0
2017-06-28,11.13,11.38,11.07,11.26,753495.0,0
2017-06-29,11.28,11.33,11.17,11.23,389945.0,0
2017-06-30,11.17,11.2,11.06,11.12,365664.0,0
2017-07-03,11.11,11.12,10.94,11.03,387789.0,0
2017-07-04,11.02,11.05,10.88,11.02,366591.0,0
2017-07-05,10.97,11.12,10.94,11.09,264705.0,0
2017-07-06,11.09,11.19,10.98,11.13,374142.0,0
2017-07-07,11.09,11.16,11.02,11.07,246672.0,0
2017-07-10,11.06,11.11,10.99,11.0,264115.0,0
2017-07-11,10.98,11.41,10.98,11.27,968353.0,0
2017-07-12,11.27,11.53,11.21,11.33,804690.0,0
2017-07-13,11.29,11.76,11.24,11.74,1102192.0,0
2017-07-14,11.81,12.27,11.81,12.06,1468653.0,0
2017-07-17,12.09,12.49,11.75,12.23,1786612.0,0
2017-07-18,12.12,12.19,11.87,12.02,698958.0,0
2017-07-19,12.03,12.25,11.95,12.16,661087.0,0
2017-07-20,12.14,12.17,12.0,12.09,400174.0,0
2017-07-21,12.08,12.1,11.85,11.92,522723.0,0
2017-07-24,11.92,12.21,11.83,12.14,658209.0,0
2017-07-25,12.09,12.22,11.88,11.98,584780.0,0
2017-07-26,11.92,12.17,11.83,11.85,574953.0,0
2017-07-27,11.85,11.94,11.75,11.85,336120.0,0
2017-07-28,11.84,11.96,11.77,11.94,249549.0,0
2017-07-31,11.92,11.99,11.78,11.83,450830.0,0
2017-08-01,11.89,11.96,11.79,11.9,641980.0,0
2017-08-02,11.91,12.07,11.86,11.91,616441.0,0
2017-08-03,11.89,11.89,11.51,11.55,785818.0,0
2017-08-04,11.56,11.57,11.32,11.34,631819.0,0
2017-08-07,11.34,11.42,11.3,11.4,295284.0,0
2017-08-08,11.38,11.4,11.3,11.34,235702.0,0
2017-08-09,11.31,11.35,11.22,11.23,323038.0,0
2017-08-10,11.21,11.35,11.17,11.26,440560.0,0
2017-08-11,11.19,11.2,10.93,11.15,888900.0,0
2017-08-14,11.09,11.1,10.99,11.03,455620.0,0
2017-08-15,11.05,11.23,11.03,11.06,625919.0,0
2017-08-16,11.03,11.03,10.94,10.96,338865.0,0
2017-08-17,10.96,11.02,10.94,11.0,390911.0,0
2017-08-18,10.97,11.04,10.93,10.98,359766.0,0
2017-08-21,10.97,11.04,10.93,10.98,338102.0,0
2017-08-22,10.98,11.0,10.88,10.9,588299.0,0
2017-08-23,10.91,11.13,10.88,11.04,968715.0,0
2017-08-24,11.05,11.13,10.92,10.94,621531.0,0
2017-08-25,10.94,11.27,10.94,11.25,1455906.0,0
2017-08-28,11.3,11.43,11.22,11.36,1041131.0,0
2017-08-29,11.32,11.45,11.24,11.43,600639.0,0
2017-08-30,11.38,11.45,11.29,11.34,604799.0,0
2017-08-31,11.3,11.31,11.12,11.18,447903.0,0
2017-09-01,11.15,11.34,11.15,11.24,392641.0,0
2017-09-04,11.25,11.31,11.12,11.25,356674.0,0
2017-09-05,11.25,11.56,11.25,11.5,734930.0,0
2017-09-06,11.46,11.52,11.37,11.43,338235.0,0
2017-09-07,11.41,11.49,11.29,11.32,382247.0,0
2017-09-08,11.32,11.59,11.3,11.5,647780.0,0
2017-09-11,11.62,11.62,11.42,11.46,522347.0,0
2017-09-12,11.47,11.51,11.38,11.51,510123.0,0
2017-09-13,11.48,11.48,11.33,11.34,319728.0,0
2017-09-14,11.35,11.45,11.28,11.32,241608.0,0
2017-09-15,11.29,11.33,11.22,11.3,248743.0,0
2017-09-18,11.29,11.43,11.27,11.38,357475.0,0
2017-09-19,11.4,11.42,11.29,11.37,301701.0,0
2017-09-20,11.35,11.4,11.3,11.35,198671.0,0
2017-09-21,11.33,11.42,11.3,11.34,201402.0,0
2017-09-22,11.31,11.39,11.26,11.36,241926.0,0
2017-09-25,11.36,11.42,11.18,11.41,506876.0,0
2017-09-26,11.36,11.4,11.32,11.33,221633.0,0
2017-09-27,11.3,11.38,11.23,11.32,263747.0,0
2017-09-28,11.32,11.35,11.24,11.31,241249.0,0
2017-09-29,11.29,11.38,11.28,11.34,198222.0,0
2017-10-09,11.74,11.76,11.47,11.51,521490.0,0
2017-10-10,11.52,11.57,11.45,11.57,274939.0,0
2017-10-11,11.55,11.58,11.5,11.53,187063.0,0
2017-10-12,11.52,11.56,11.44,11.52,171252.0,0
2017-10-13,11.48,11.55,11.39,11.41,208575.0,0
2017-10-16,11.45,11.53,11.41,11.51,236111.0,0
2017-10-17,11.51,11.53,11.41,11.46,146923.0,0
2017-10-18,11.46,11.57,11.4,11.54,454587.0,0
2017-10-19,11.5,11.63,11.45,11.6,528811.0,0
2017-10-20,11.56,11.57,11.48,11.48,172284.0,0
2017-10-23,11.49,11.5,11.3,11.31,315638.0,0
2017-10-24,11.31,11.42,11.29,11.33,272360.0,0
2017-10-25,11.33,11.41,11.29,11.37,207438.0,0
2017-10-26,11.34,11.35,11.25,11.29,252751.0,0
2017-10-27,11.32,11.41,11.29,11.32,326738.0,0
2017-10-30,11.31,11.31,11.06,11.17,747136.0,0
2017-10-31,11.07,11.13,11.05,11.08,201207.0,0
2017-11-01,11.1,11.19,11.0,11.01,353687.0,0
2017-11-02,10.99,11.04,10.9,11.0,482670.0,0
2017-11-03,11.0,11.07,10.9,11.05,328481.0,0
2017-11-06,11.03,11.03,10.92,10.94,200168.0,0
2017-11-07,10.96,11.07,10.88,11.01,386773.0,0
2017-11-08,11.01,11.15,10.96,11.05,371341.0,0
2017-11-09,11.04,11.1,11.0,11.02,174633.0,0
2017-11-10,11.01,11.1,10.93,11.1,499253.0,0
2017-11-13,11.12,11.32,11.1,11.27,780093.0,0
2017-11-14,11.23,11.24,11.05,11.07,337549.0,0
2017-11-15,11.07,11.1,11.02,11.07,280765.0,0
2017-11-16,11.04,11.04,10.85,10.86,356807.0,0
2017-11-17,10.85,11.27,10.85,11.25,1093365.0,0
2017-11-20,11.17,11.33,11.08,11.32,614954.0,0
2017-11-21,11.28,11.64,11.22,11.41,1161794.0,0
2017-11-22,11.47,11.91,11.47,11.7,1145762.0,0
2017-11-23,11.71,11.79,11.38,11.53,819126.0,0
2017-11-24,11.58,11.65,11.4,11.56,596124.0,0
2017-11-27,11.56,11.59,11.28,11.57,792502.0,0
2017-11-28,11.5,11.54,11.39,11.41,340319.0,0
2017-11-29,11.42,11.51,11.28,11.41,418467.0,0
2017-11-30,11.38,11.42,11.27,11.38,399163.0,0
2017-12-01,11.4,11.42,11.28,11.38,385774.0,0
2017-12-04,11.34,11.41,11.31,11.39,364792.0,0
2017-12-05,11.39,11.74,11.38,11.64,1237967.0,0
2017-12-06,11.59,11.63,11.38,11.43,435649.0,0
2017-12-07,11.42,11.5,11.38,11.43,348022.0,0
2017-12-08,11.45,11.46,11.34,11.4,312962.0,0
2017-12-11,11.39,11.51,11.32,11.44,366499.0,0
2017-12-12,11.44,11.44,11.21,11.22,303700.0,0
2017-12-13,11.27,11.28,11.1,11.21,193453.0,0
2017-12-14,11.26,11.26,11.13,11.16,161416.0,0
2017-12-15,11.16,11.2,11.08,11.09,162101.0,0
2017-12-18,11.18,11.18,11.08,11.12,134456.0,0
2017-12-19,11.12,11.23,11.09,11.22,183996.0,0
2017-12-20,11.23,11.23,11.07,11.2,266398.0,0
2017-12-21,11.14,11.25,11.07,11.17,210523.0,0
2017-12-22,11.15,11.19,11.08,11.09,160769.0,0
2017-12-25,11.08,11.15,11.03,11.06,193066.0,0
2017-12-26,11.04,11.13,11.03,11.11,152257.0,0
2017-12-27,11.12,11.13,11.0,11.09,327318.0,0
2017-12-28,11.07,11.13,11.0,11.01,238708.0,0
2017-12-29,10.99,11.09,10.98,11.06,163518.0,0
2018-01-02,11.08,11.24,11.07,11.19,313230.0,0
2018-01-03,11.2,11.27,11.13,11.13,378391.0,0
2018-01-04,11.17,11.2,11.09,11.13,278838.0,0
2018-01-05,11.14,11.18,11.09,11.16,310267.0,0
2018-01-08,11.16,11.18,11.1,11.15,313898.0,0
2018-01-09,11.15,11.21,11.13,11.17,262154.0,0
2018-01-10,11.17,11.56,11.15,11.49,906799.0,0
2018-01-11,11.42,11.51,11.34,11.41,378164.0,0
2018-01-12,11.44,11.47,11.37,11.38,242034.0,0
2018-01-15,11.35,11.55,11.32,11.49,613206.0,0
2018-01-16,11.44,11.53,11.25,11.37,748926.0,0
2018-01-17,11.38,11.89,11.36,11.57,1271328.0,0
2018-01-18,11.61,11.72,11.52,11.71,1116080.0,0
2018-01-19,11.8,12.08,11.65,11.71,1716488.0,0
2018-01-22,11.4,11.62,11.18,11.24,2725138.0,0
2018-01-23,11.22,11.39,11.15,11.37,2178274.0,0
2018-01-24,11.44,12.47,11.36,12.04,3796536.0,0
2018-01-25,12.01,12.23,11.83,12.12,1769896.0,0
2018-01-26,12.12,12.19,11.83,11.88,2184196.0,0
2018-01-29,11.95,12.0,11.79,11.93,1537831.0,0
2018-01-30,11.92,11.96,11.56,11.58,1078040.0,0
2018-01-31,11.52,11.66,11.45,11.64,1177032.0,0
2018-02-01,11.61,11.8,11.41,11.77,1735733.0,0
2018-02-02,11.66,11.66,11.48,11.61,717967.0,0
2018-02-05,11.47,12.01,11.45,11.96,1501496.0,0
2018-02-06,11.76,11.97,11.67,11.95,2443589.0,0
2018-02-07,12.05,12.37,11.71,11.92,2007701.0,0
2018-02-08,11.81,11.87,11.42,11.57,1094268.0,0
2018-02-09,11.36,11.45,10.71,11.25,1492573.0,0
2018-02-12,11.13,11.15,10.9,10.96,647991.0,0
2018-02-13,11.02,11.15,10.97,10.98,549002.0,0
2018-02-14,10.97,11.02,10.85,10.93,325978.0,0
2018-02-22,11.07,11.15,11.0,11.1,420122.0,0
2018-02-23,11.13,11.25,11.06,11.19,387365.0,0
2018-02-26,11.24,11.31,11.08,11.2,488060.0,0
2018-02-27,11.22,11.23,11.08,11.16,485610.0,0
2018-02-28,11.08,11.13,10.91,10.93,398889.0,0
2018-03-01,10.87,10.97,10.85,10.94,344910.0,0
2018-03-02,10.87,10.93,10.83,10.88,230241.0,0
2018-03-05,10.88,10.95,10.81,10.89,293434.0,0
2018-03-06,10.95,10.98,10.85,10.96,272226.0,0
2018-03-07,10.98,11.07,10.93,10.96,388175.0,0
2018-03-08,11.02,11.02,10.87,10.94,221641.0,0
2018-03-09,10.96,10.98,10.89,10.95,235582.0,0
2018-03-12,11.0,11.01,10.93,10.97,251618.0,0
2018-03-13,10.97,11.05,10.9,10.96,251450.0,0
2018-03-14,10.92,10.92,10.85,10.86,228046.0,0
2018-03-15,10.82,10.88,10.81,10.86,172877.0,0
2018-03-16,10.83,10.87,10.77,10.77,267813.0,0
2018-03-19,10.78,10.8,10.73,10.78,168960.0,0
2018-03-20,10.75,10.86,10.72,10.79,206722.0,0
2018-03-21,10.81,10.87,10.75,10.76,238784.0,0
2018-03-22,10.82,10.82,10.72,10.72,229484.0,0
2018-03-23,10.47,10.53,10.11,10.18,571063.0,0
2018-03-26,10.18,10.22,9.97,10.08,364250.0,0
2018-03-27,10.17,10.24,10.03,10.09,273328.0,0
2018-03-28,10.0,10.22,9.99,10.04,229112.0,0
2018-03-29,10.04,10.18,9.92,10.09,331088.0,0
2018-03-30,10.1,10.16,10.08,10.12,232719.0,0
2018-04-02,10.15,10.29,10.12,10.18,277195.0,0
2018-04-03,10.13,10.14,10.01,10.03,183035.0,0
2018-04-04,10.08,10.12,10.0,10.0,196375.0,0
2018-04-09,10.0,10.06,9.96,9.97,167224.0,0
2018-04-10,9.99,10.26,9.98,10.24,287482.0,0
2018-04-11,10.26,10.49,10.22,10.38,312985.0,0
2018-04-12,10.38,10.43,10.23,10.25,188242.0,0
2018-04-13,10.3,10.36,10.16,10.16,140948.0,0
2018-04-16,10.27,10.27,10.01,10.02,237200.0,0
2018-04-17,10.03,10.17,10.02,10.02,254699.0,0
2018-04-18,10.22,10.26,10.13,10.2,262952.0,0
2018-04-19,10.27,10.36,10.23,10.27,165532.0,0
2018-04-20,10.21,10.26,10.04,10.08,183774.0,0
2018-04-23,10.03,10.22,10.0,10.07,181816.0,0
2018-04-24,10.03,10.25,10.03,10.25,230328.0,0
2018-04-25,10.18,10.24,10.12,10.13,160826.0,0
2018-04-26,10.2,10.25,10.02,10.04,182057.0,0
2018-04-27,10.05,10.14,10.02,10.08,234507.0,0
2018-05-02,9.8,9.8,9.44,9.5,693256.0,0
2018-05-03,9.46,9.48,9.3,9.39,346655.0,0
2018-05-04,9.38,9.41,9.27,9.3,222530.0,0
2018-05-07,9.29,9.36,9.23,9.31,274253.0,0
2018-05-08,9.31,9.44,9.28,9.42,287964.0,0
2018-05-09,9.42,9.47,9.36,9.4,185106.0,0
2018-05-10,9.45,9.47,9.38,9.42,160305.0,0
2018-05-11,9.47,9.48,9.41,9.42,220151.0,0
2018-05-14,9.44,9.52,9.43,9.47,237633.0,0
2018-05-15,9.5,9.52,9.35,9.46,235484.0,0
2018-05-16,9.4,9.43,9.33,9.34,235803.0,0
2018-05-17,9.33,9.38,9.28,9.3,184746.0,0
2018-05-18,9.32,9.37,9.28,9.37,217171.0,0
2018-05-21,9.45,9.45,9.37,9.41,233937.0,0
2018-05-22,9.41,9.42,9.32,9.35,160145.0,0
2018-05-23,9.35,9.36,9.26,9.27,211944.0,0
2018-05-24,9.3,9.31,9.23,9.26,152295.0,0
2018-05-25,9.3,9.3,9.15,9.18,190162.0,0
2018-05-28,9.18,9.26,9.08,9.23,183703.0,0
2018-05-29,9.17,9.21,9.08,9.11,169339.0,0
2018-05-30,9.03,9.07,8.86,8.91,322307.0,0
2018-05-31,8.93,9.16,8.93,9.02,455326.0,0
2018-06-01,9.07,9.16,9.0,9.15,183655.0,0
2018-06-04,9.23,9.3,9.17,9.22,161803.0,0
2018-06-05,9.18,9.22,9.08,9.13,186926.0,0
2018-06-06,9.11,9.11,9.0,9.02,149836.0,0
2018-06-07,9.03,9.13,8.98,9.09,233556.0,0
2018-06-08,9.02,9.04,8.84,8.89,271819.0,0
2018-06-11,8.85,8.9,8.75,8.89,180042.0,0
2018-06-12,8.88,8.88,8.77,8.82,160856.0,0
2018-06-13,8.77,8.8,8.65,8.68,199615.0,0
2018-06-14,8.63,8.73,8.63,8.69,175575.0,0
2018-06-15,8.69,8.81,8.66,8.77,199149.0,0
2018-06-19,8.7,8.71,8.28,8.39,429884.0,0
2018-06-20,8.39,8.45,8.34,8.36,189157.0,0
2018-06-21,8.35,8.45,8.22,8.3,236369.0,0
2018-06-22,8.3,8.3,8.14,8.23,250400.0,0
2018-06-25,8.24,8.29,8.02,8.03,242443.0,0
2018-06-26,8.07,8.07,7.82,7.95,244240.0,0
2018-06-27,7.88,8.0,7.83,7.84,249137.0,0
2018-06-28,7.8,8.08,7.79,7.97,307413.0,0
2018-06-29,8.03,8.07,7.92,8.03,194935.0,0
2018-07-02,8.02,8.02,7.7,7.76,226690.0,0
2018-07-03,7.76,7.85,7.67,7.82,241235.0,0
2018-07-04,7.81,7.89,7.75,7.78,144647.0,0
2018-07-05,7.73,7.82,7.69,7.73,164954.0,0
2018-07-06,7.78,7.9,7.64,7.84,225944.0,0
2018-07-09,7.84,8.1,7.84,8.07,221725.0,0
2018-07-10,8.08,8.12,7.97,8.04,124028.0,0
2018-07-11,7.84,7.91,7.79,7.85,152039.0,0
2018-07-12,7.88,8.08,7.86,8.04,197048.0,0
2018-07-13,8.14,8.15,8.03,8.06,150263.0,0
2018-07-16,8.07,8.11,7.91,7.98,144141.0,0
2018-07-17,7.98,8.05,7.95,8.01,137134.0,0
2018-07-18,8.08,8.21,8.05,8.08,189227.0,0
2018-07-19,8.17,8.19,8.1,8.13,183604.0,0
2018-07-20,8.13,8.52,8.04,8.44,332756.0,0
2018-07-23,8.48,8.6,8.31,8.53,314844.0,0
2018-07-24,8.55,8.71,8.54,8.59,364245.0,0
2018-07-25,8.69,8.69,8.53,8.59,158899.0,0
2018-07-26,8.64,8.65,8.52,8.53,152063.0,0
2018-07-27,8.53,8.61,8.5,8.56,121200.0,0
2018-07-30,8.56,8.73,8.54,8.7,200963.0,0
2018-07-31,8.69,8.77,8.57,8.74,182030.0,0
2018-08-01,8.83,8.84,8.47,8.48,207418.0,0
2018-08-02,8.48,8.6,8.23,8.36,244838.0,0
2018-08-03,8.36,8.55,8.33,8.4,169979.0,0
2018-08-06,8.54,8.6,8.44,8.48,174444.0,0
2018-08-07,8.51,8.69,8.51,8.68,217846.0,0
2018-08-08,8.72,8.72,8.58,8.62,134619.0,0
2018-08-09,8.57,8.75,8.56,8.71,176898.0,0
2018-08-10,8.71,8.71,8.59,8.64,131726.0,0
2018-08-13,8.57,8.63,8.47,8.55,179276.0,0
2018-08-14,8.55,8.64,8.52,8.63,158685.0,0
2018-08-15,8.63,8.63,8.47,8.47,147870.0,0
2018-08-16,8.44,8.69,8.41,8.63,243236.0,0
2018-08-17,8.73,8.73,8.5,8.55,150904.0,0
2018-08-20,8.74,8.74,8.58,8.72,269753.0,0
2018-08-21,8.75,8.77,8.66,8.69,197865.0,0
2018-08-22,8.69,8.71,8.57,8.66,119935.0,0
2018-08-23,8.7,8.71,8.55,8.64,155378.0,0
2018-08-24,8.63,9.0,8.59,8.87,322688.0,0
2018-08-27,8.9,8.92,8.78,8.9,232666.0,0
2018-08-28,8.87,8.95,8.82,8.87,146096.0,0
2018-08-29,8.86,8.89,8.83,8.89,103620.0,0
2018-08-30,8.87,8.98,8.74,8.74,186218.0,0
2018-08-31,8.73,8.93,8.73,8.9,373117.0,0
2018-09-03,8.84,8.87,8.74,8.81,143095.0,0
2018-09-04,8.78,8.97,8.75,8.94,163530.0,0
2018-09-05,8.88,8.94,8.69,8.69,227292.0,0
2018-09-06,8.69,8.8,8.69,8.71,105469.0,0
2018-09-07,8.72,8.82,8.69,8.76,89957.0,0
2018-09-10,8.73,8.8,8.7,8.75,118228.0,0
2018-09-11,8.79,8.84,8.55,8.59,196890.0,0
2018-09-12,8.56,8.64,8.52,8.61,165061.0,0
2018-09-13,8.74,8.87,8.68,8.86,294171.0,0
2018-09-14,8.93,8.93,8.78,8.83,164507.0,0
2018-09-17,8.83,8.85,8.67,8.72,105353.0,0
2018-09-18,8.73,8.83,8.66,8.83,166847.0,0
2018-09-19,8.85,8.86,8.77,8.81,185506.0,0
2018-09-20,8.83,8.85,8.75,8.79,163070.0,0
2018-09-21,8.81,9.06,8.72,9.06,375714.0,0
2018-09-25,8.95,9.04,8.89,8.92,158791.0,0
2018-09-26,8.96,9.13,8.91,8.98,311757.0,0
2018-09-27,9.02,9.05,8.95,9.05,241827.0,0
2018-09-28,9.06,9.32,9.01,9.19,374306.0,0
2018-10-08,8.96,9.05,8.72,8.73,419572.0,0
2018-10-09,8.65,8.81,8.64,8.72,231590.0,0
2018-10-10,8.71,8.85,8.7,8.74,181247.0,0
2018-10-11,8.57,8.62,8.28,8.37,390567.0,0
2018-10-12,8.47,8.67,8.4,8.6,251451.0,0
2018-10-15,8.62,8.73,8.54,8.6,139578.0,0
2018-10-16,8.6,8.76,8.54,8.62,153083.0,0
2018-10-17,8.75,8.88,8.71,8.86,265208.0,0
2018-10-18,8.92,8.92,8.73,8.76,224039.0,0
2018-10-19,8.82,9.0,8.64,8.95,403313.0,0
2018-10-22,8.89,9.27,8.89,9.19,470034.0,0
2018-10-23,9.21,9.27,9.02,9.02,380890.0,0
2018-10-24,9.14,9.62,9.09,9.31,591655.0,0
2018-10-25,9.17,9.46,9.11,9.41,368665.0,0
2018-10-26,9.42,9.55,9.31,9.49,275193.0,0
2018-10-29,9.65,9.69,9.28,9.36,352659.0,0
2018-10-30,9.5,9.62,9.46,9.52,330860.0,0
2018-10-31,9.56,9.6,9.44,9.55,217371.0,0
2018-11-01,9.62,9.66,9.43,9.46,235053.0,0
2018-11-02,9.67,9.82,9.51,9.75,477889.0,0
2018-11-05,9.72,9.82,9.65,9.71,170127.0,0
2018-11-06,9.7,9.72,9.57,9.6,184224.0,0
2018-11-07,9.66,9.67,9.44,9.47,208438.0,0
2018-11-08,9.62,9.67,9.47,9.63,199916.0,0
2018-11-09,9.56,9.6,9.27,9.32,255700.0,0
2018-11-12,9.34,9.52,9.32,9.37,270158.0,0
2018-11-13,9.25,9.47,9.25,9.39,207087.0,0
2018-11-14,9.44,9.44,9.25,9.27,179981.0,0
2018-11-15,9.29,9.38,9.22,9.34,165800.0,0
2018-11-16,9.34,9.42,9.28,9.33,213944.0,0
2018-11-19,9.43,9.47,9.34,9.45,213847.0,0
2018-11-20,9.44,9.46,9.22,9.26,218837.0,0
2018-11-21,9.18,9.29,9.18,9.23,160274.0,0
2018-11-22,9.3,9.3,9.14,9.21,140083.0,0
2018-11-23,9.17,9.23,9.07,9.07,147150.0,0
2018-11-26,9.23,9.23,9.0,9.07,143773.0,0
2018-11-27,9.07,9.18,9.02,9.06,150846.0,0
2018-11-28,9.13,9.19,9.07,9.15,183396.0,0
2018-11-29,9.21,9.32,9.11,9.2,206856.0,0
2018-11-30,9.22,9.32,9.19,9.28,285726.0,0
2018-12-03,9.56,9.62,9.41,9.59,430490.0,0
2018-12-04,9.57,9.65,9.54,9.65,208112.0,0
2018-12-05,9.56,9.67,9.53,9.57,254912.0,0
2018-12-06,9.39,9.5,9.39,9.47,235979.0,0
2018-12-07,9.51,9.6,9.45,9.46,105805.0,0
2018-12-10,9.34,9.47,9.34,9.4,159275.0,0
2018-12-11,9.41,9.47,9.26,9.29,172342.0,0
2018-12-12,9.46,9.46,9.27,9.3,124487.0,0
2018-12-13,9.33,9.43,9.3,9.37,197923.0,0
2018-12-14,9.31,9.37,9.16,9.19,241638.0,0
2018-12-17,9.22,9.35,9.19,9.35,197462.0,0
2018-12-18,9.25,9.39,9.11,9.14,194516.0,0
2018-12-19,9.16,9.22,9.11,9.11,136036.0,0
2018-12-20,9.1,9.16,8.68,8.82,300699.0,0
2018-12-21,8.8,8.81,8.57,8.64,208858.0,0
2018-12-24,8.55,8.61,8.43,8.48,227798.0,0
2018-12-25,8.34,8.43,8.17,8.36,348103.0,0
2018-12-26,8.38,8.45,8.21,8.24,205692.0,0
2018-12-27,8.34,8.37,8.23,8.23,273475.0,0
2018-12-28,8.29,8.52,8.28,8.37,274040.0,0
2019-01-02,8.31,8.36,8.15,8.27,237628.0,0
2019-01-03,8.27,8.39,8.23,8.38,186542.0,0
2019-01-04,8.3,8.57,8.27,8.53,271728.0,0
2019-01-07,8.66,8.66,8.49,8.55,235973.0,0
2019-01-08,8.6,8.6,8.48,8.53,151049.0,0
2019-01-09,8.63,8.73,8.55,8.56,231637.0,0
2019-01-10,8.51,8.59,8.49,8.53,159235.0,0
2019-01-11,8.6,8.72,8.53,8.62,190690.0,0
2019-01-14,8.6,8.67,8.58,8.63,203528.0,0
2019-01-15,8.67,8.72,8.62,8.68,156321.0,0
2019-01-16,8.67,8.72,8.64,8.7,129883.0,0
2019-01-17,8.74,8.85,8.64,8.74,227660.0,0
2019-01-18,8.86,9.01,8.79,9.0,290871.0,0
2019-01-21,8.93,9.03,8.87,8.92,189477.0,0
2019-01-22,8.95,8.95,8.8,8.82,162505.0,0
2019-01-23,8.86,8.91,8.82,8.84,165203.0,0
2019-01-24,8.91,8.96,8.84,8.95,150066.0,0
2019-01-25,9.02,9.13,8.95,9.07,196965.0,0
2019-01-28,9.1,9.23,8.96,8.99,217690.0,0
2019-01-29,8.96,9.2,8.95,9.15,237680.0,0
2019-01-30,9.16,9.21,9.04,9.07,160542.0,0
2019-01-31,9.16,9.3,9.08,9.3,251310.0,0
2019-02-01,9.39,9.39,9.19,9.34,191193.0,0
2019-02-11,9.19,9.3,9.19,9.27,202165.0,0
2019-02-12,9.28,9.3,9.2,9.29,167696.0,0
2019-02-13,9.31,9.5,9.25,9.43,302486.0,0
2019-02-14,9.42,9.48,9.37,9.39,198152.0,0
2019-02-15,9.35,9.42,9.23,9.23,177587.0,0
2019-02-18,9.32,9.44,9.27,9.41,201022.0,0
2019-02-19,9.42,9.53,9.35,9.37,259527.0,0
2019-02-20,9.49,9.49,9.38,9.4,222863.0,0
2019-02-21,9.4,9.5,9.32,9.36,254023.0,0
2019-02-22,9.33,9.58,9.33,9.58,259074.0,0
2019-02-25,9.6,10.52,9.6,10.49,937122.0,0
2019-02-26,10.48,10.72,10.17,10.22,836432.0,0
2019-02-27,10.28,10.64,10.24,10.4,712016.0,0
2019-02-28,10.4,10.49,10.25,10.31,393934.0,0
2019-03-01,10.38,10.63,10.17,10.59,632546.0,0
2019-03-04,10.69,10.95,10.52,10.59,850247.0,0
2019-03-05,10.58,10.61,10.44,10.55,545642.0,0
2019-03-06,10.56,10.72,10.43,10.59,536931.0,0
2019-03-07,10.6,10.61,10.44,10.45,526188.0,0
2019-03-08,10.29,10.29,9.93,10.07,526705.0,0
2019-03-11,10.01,10.16,9.93,10.04,399220.0,0
2019-03-12,10.16,10.26,9.97,10.01,522118.0,0
2019-03-13,9.98,10.13,9.87,10.01,413730.0,0
2019-03-14,10.03,10.15,10.0,10.03,343378.0,0
2019-03-15,10.04,10.17,10.0,10.0,337693.0,0
2019-03-18,10.02,10.17,9.94,10.16,438795.0,0
2019-03-19,10.2,10.24,10.08,10.12,275002.0,0
2019-03-20,10.09,10.21,10.06,10.12,273254.0,0
2019-03-21,10.13,10.16,10.01,10.03,350370.0,0
2019-03-22,10.06,10.08,9.88,9.96,354364.0,0
2019-03-25,9.85,9.86,9.58,9.6,577165.0,0
2019-03-26,9.68,9.71,9.6,9.66,307957.0,0
2019-03-27,9.68,9.81,9.61,9.65,421244.0,0
2019-03-28,9.6,9.62,9.47,9.6,292961.0,0
2019-03-29,9.55,9.87,9.55,9.85,605262.0,0
2019-04-01,9.93,10.09,9.86,10.01,706374.0,0
2019-04-02,10.07,10.09,9.98,10.01,467147.0,0
2019-04-03,9.94,10.11,9.91,10.07,502710.0,0
2019-04-04,10.12,10.28,10.11,10.28,752325.0,0
2019-04-08,10.36,10.53,10.22,10.29,778703.0,0
2019-04-09,10.29,10.32,10.06,10.11,568959.0,0
2019-04-10,10.07,10.13,9.99,10.05,410275.0,0
2019-04-11,10.04,10.16,9.92,10.04,501727.0,0
2019-04-12,10.04,10.13,10.0,10.06,262736.0,0
2019-04-15,10.24,10.34,10.03,10.04,705091.0,0
2019-04-16,10.03,10.56,10.0,10.52,1006654.0,0
2019-04-17,10.53,10.66,10.45,10.48,681572.0,0
2019-04-18,10.48,10.62,10.41,10.48,430489.0,0
2019-04-19,10.58,10.77,10.43,10.58,560130.0,0
2019-04-22,10.59,10.64,10.25,10.28,533894.0,0
2019-04-23,10.25,10.37,10.2,10.27,338477.0,0
2019-04-24,10.33,10.34,10.08,10.19,382011.0,0
2019-04-25,10.13,10.26,10.05,10.11,408761.0,0
2019-04-26,10.0,10.13,9.85,9.89,424695.0,0
2019-04-29,9.92,10.11,9.91,10.05,385869.0,0
2019-04-30,10.27,10.66,10.27,10.54,1234747.0,0
2019-05-06,10.32,10.43,10.11,10.37,1245454.0,0
2019-05-07,10.39,10.51,10.17,10.37,854899.0,0
2019-05-08,10.21,10.35,10.06,10.08,585001.0,0
2019-05-09,10.05,10.13,9.67,9.69,641280.0,0
2019-05-10,9.8,9.99,9.63,9.89,485507.0,0
2019-05-13,9.77,9.97,9.72,9.88,402849.0,0
2019-05-14,9.75,10.01,9.74,9.78,418889.0,0
2019-05-15,9.85,9.99,9.8,9.89,344044.0,0
2019-05-16,9.85,9.93,9.79,9.87,341417.0,0
2019-05-17,9.89,9.92,9.77,9.81,383998.0,0
2019-05-20,9.85,10.01,9.82,9.91,349044.0,0
2019-05-21,9.9,10.02,9.88,9.89,329758.0,0
2019-05-22,9.89,9.91,9.69,9.73,400003.0,0
2019-05-23,9.69,9.72,9.52,9.67,363126.0,0
2019-05-24,9.74,9.79,9.57,9.68,241602.0,0
2019-05-27,9.66,9.83,9.53,9.79,350879.0,0
2019-05-28,9.76,9.87,9.59,9.86,722781.0,0
2019-05-29,9.74,9.86,9.64,9.69,408609.0,0
2019-05-30,9.75,9.75,9.6,9.68,266500.0,0
2019-05-31,9.68,9.8,9.62,9.7,369767.0,0
2019-06-03,9.74,9.86,9.7,9.85,304920.0,0
2019-06-04,9.86,9.94,9.83,9.92,250773.0,0
2019-06-05,10.0,10.09,9.92,9.98,314236.0,0
2019-06-06,10.08,10.08,9.95,10.04,264272.0,0
2019-06-10,10.14,10.27,10.1,10.18,431837.0,0
2019-06-11,10.27,10.37,10.19,10.34,522662.0,0
2019-06-12,10.34,10.62,10.32,10.52,506352.0,0
2019-06-13,10.49,10.71,10.42,10.62,469660.0,0
2019-06-14,10.66,10.79,10.63,10.71,473851.0,0
2019-06-17,10.7,10.84,10.67,10.69,352201.0,0
2019-06-18,10.74,10.82,10.64,10.74,289651.0,0
2019-06-19,10.96,10.99,10.73,10.8,449277.0,0
2019-06-20,10.87,11.24,10.77,11.12,716474.0,0
2019-06-21,11.1,11.22,10.95,11.01,553811.0,0
2019-06-24,11.01,11.05,10.88,10.95,341953.0,0
2019-06-25,10.9,10.9,10.43,10.58,803593.0,0
2019-06-26,10.48,10.65,10.47,10.58,369731.0,0
2019-06-27,10.6,10.76,10.47,10.56,479977.0,0
2019-06-28,10.59,10.6,10.46,10.6,295451.0,0
2019-07-01,10.78,10.84,10.61,10.63,548878.0,0
2019-07-02,10.64,10.66,10.49,10.53,511657.0,0
2019-07-03,10.54,10.55,10.43,10.48,365670.0,0
2019-07-04,10.53,10.59,10.49,10.54,303692.0,0
2019-07-05,10.55,10.56,10.45,10.49,257532.0,0
2019-07-08,10.48,10.49,10.23,10.28,347106.0,0
2019-07-09,10.32,10.35,10.25,10.29,218854.0,0
2019-07-10,10.35,10.35,10.23,10.27,234098.0,0
2019-07-11,10.35,10.38,10.26,10.32,232858.0,0
2019-07-12,10.31,10.54,10.31,10.44,348169.0,0
2019-07-15,10.32,10.46,10.14,10.42,403056.0,0
2019-07-16,10.42,10.49,10.36,10.47,216060.0,0
2019-07-17,10.41,10.49,10.38,10.4,174803.0,0
2019-07-18,10.45,10.45,10.37,10.41,182600.0,0
2019-07-19,10.43,10.55,10.41,10.5,196196.0,0
2019-07-22,10.46,10.55,10.39,10.4,256178.0,0
2019-07-23,10.35,10.48,10.35,10.41,179278.0,0
2019-07-24,10.46,10.6,10.45,10.51,241122.0,0
2019-07-25,10.49,10.88,10.49,10.8,559002.0,0
2019-07-26,10.75,10.86,10.73,10.79,303689.0,0
2019-07-29,10.82,10.86,10.72,10.78,214650.0,0
2019-07-30,10.76,10.92,10.76,10.78,337310.0,0
2019-07-31,10.73,10.86,10.65,10.79,306507.0,0
2019-08-01,10.68,10.77,10.55,10.57,324717.0,0
2019-08-02,10.4,10.48,10.33,10.4,389760.0,0
2019-08-05,10.34,10.38,10.15,10.16,427190.0,0
2019-08-06,10.02,10.15,9.89,10.01,452038.0,0
2019-08-07,10.06,10.08,9.97,9.99,314620.0,0
2019-08-08,10.07,10.23,10.03,10.18,332580.0,0
2019-08-09,10.23,10.33,10.18,10.29,406379.0,0
2019-08-12,10.25,10.37,10.23,10.35,349890.0,0
2019-08-13,10.32,10.32,10.21,10.25,188399.0,0
2019-08-14,10.34,10.4,10.2,10.2,198744.0,0
2019-08-15,10.08,10.24,10.04,10.21,191011.0,0
2019-08-16,10.17,10.26,10.13,10.14,248235.0,0
2019-08-19,10.14,10.3,10.0,10.3,382533.0,0
2019-08-20,10.22,10.39,10.2,10.29,237580.0,0
2019-08-21,10.27,10.36,10.26,10.33,146565.0,0
2019-08-22,10.35,10.37,10.29,10.35,158668.0,0
2019-08-23,10.31,10.51,10.3,10.51,336553.0,0
2019-08-26,10.31,10.36,10.07,10.22,418451.0,0
2019-08-27,10.29,10.49,10.22,10.22,662474.0,0
2019-08-28,10.29,10.32,10.22,10.24,255255.0,0
2019-08-29,10.22,10.27,10.1,10.15,280495.0,0
2019-08-30,10.26,10.29,10.14,10.2,254240.0,0
2019-09-02,10.22,10.34,10.16,10.26,277498.0,0
2019-09-03,10.31,10.33,10.23,10.27,162866.0,0
2019-09-04,10.32,10.42,10.28,10.41,306709.0,0
2019-09-05,10.42,10.66,10.42,10.54,468280.0,0
2019-09-06,10.6,10.62,10.5,10.61,343920.0,0
2019-09-09,10.7,10.71,10.6,10.67,400593.0,0
2019-09-10,10.71,10.78,10.61,10.77,370410.0,0
2019-09-11,10.77,10.92,10.77,10.87,390636.0,0
2019-09-12,11.0,11.01,10.84,10.92,261048.0,0
2019-09-16,10.91,10.93,10.75,10.85,254891.0,0
2019-09-17,10.88,10.93,10.69,10.73,335589.0,0
2019-09-18,10.86,10.92,10.79,10.85,313872.0,0
2019-09-19,10.92,10.92,10.8,10.86,237421.0,0
2019-09-20,10.91,10.91,10.77,10.87,401092.0,0
2019-09-23,10.82,10.84,10.6,10.67,277107.0,0
2019-09-24,10.73,10.78,10.65,10.67,218709.0,0
2019-09-25,10.67,10.87,10.61,10.73,301363.0,0
2019-09-26,10.8,11.1,10.76,10.89,727264.0,0
2019-09-27,10.87,10.91,10.68,10.82,368078.0,0
2019-09-30,10.77,10.99,10.73,10.76,359475.0,0
2019-10-08,10.72,10.95,10.72,10.82,324158.0,0
2019-10-09,10.74,11.05,10.72,10.91,422096.0,0
2019-10-10,10.94,10.96,10.83,10.88,272612.0,0
2019-10-11,10.97,11.37,10.92,11.37,920308.0,0
2019-10-14,11.51,12.14,11.44,11.86,1239701.0,0
2019-10-15,11.87,12.06,11.78,12.01,733945.0,0
2019-10-16,12.0,12.25,11.82,12.0,670022.0,0
2019-10-17,11.99,12.17,11.95,12.09,478693.0,0
2019-10-18,12.16,12.21,11.64,11.7,649928.0,0
2019-10-21,11.72,11.95,11.67,11.83,389962.0,0
2019-10-22,11.95,11.97,11.69,11.85,313962.0,0
2019-10-23,11.81,11.87,11.69,11.78,328214.0,0
2019-10-24,11.9,12.16,11.87,12.01,1031588.0,0
2019-10-25,12.01,12.01,11.7,11.82,978763.0,0
2019-10-28,11.67,11.8,11.57,11.62,723804.0,0
2019-10-29,11.66,11.77,11.54,11.69,526040.0,0
2019-10-30,11.67,11.71,11.44,11.51,537347.0,0
2019-10-31,11.6,11.62,11.42,11.43,333475.0,0
2019-11-01,11.42,11.75,11.36,11.67,627057.0,0
2019-11-04,11.67,11.81,11.61,11.66,497379.0,0
2019-11-05,11.66,12.11,11.61,11.87,742743.0,0
2019-11-06,11.87,12.02,11.78,11.84,460239.0,0
2019-11-07,11.87,11.87,11.63,11.68,462672.0,0
2019-11-08,11.72,11.73,11.48,11.49,488418.0,0
2019-11-11,11.4,11.4,11.21,11.21,385942.0,0
2019-11-12,11.23,11.28,11.09,11.16,392393.0,0
2019-11-13,11.13,11.21,11.07,11.15,322749.0,0
2019-11-14,11.15,11.19,11.02,11.06,289436.0,0
2019-11-15,11.14,11.18,11.04,11.07,273242.0,0
2019-11-18,11.09,11.27,11.05,11.16,287965.0,0
2019-11-19,11.12,11.23,11.1,11.15,293708.0,0
2019-11-20,11.09,11.14,10.93,10.96,380920.0,0
2019-11-21,10.92,10.96,10.83,10.88,346171.0,0
2019-11-22,10.93,10.98,10.86,10.91,295310.0,0
2019-11-25,10.95,11.06,10.92,10.99,251532.0,0
2019-11-26,11.07,11.09,10.9,10.98,596332.0,0
2019-11-27,10.99,10.99,10.82,10.91,287039.0,0
2019-11-28,10.92,10.93,10.84,10.88,177972.0,0
2019-11-29,10.85,10.99,10.81,10.83,245669.0,0
2019-12-02,10.88,10.89,10.74,10.79,221630.0,0
2019-12-03,10.73,10.82,10.69,10.78,195578.0,0
2019-12-04,10.7,10.75,10.62,10.67,247346.0,0
2019-12-05,10.71,10.81,10.68,10.81,249761.0,0
2019-12-06,10.84,10.87,10.75,10.84,206544.0,0
2019-12-09,10.82,10.85,10.77,10.82,173492.0,0
2019-12-10,10.8,10.83,10.78,10.78,153246.0,0
2019-12-11,10.8,10.91,10.77,10.9,334090.0,0
2019-12-12,10.91,10.91,10.8,10.82,270212.0,0
2019-12-13,10.9,11.04,10.86,11.04,595205.0,0
2019-12-16,11.04,11.07,10.92,11.05,379716.0,0
2019-12-17,11.09,11.43,11.02,11.31,574356.0,0
2019-12-18,11.28,11.42,11.26,11.32,345652.0,0
2019-12-19,11.32,11.42,11.3,11.33,237899.0,0
2019-12-20,11.33,11.47,11.3,11.34,401501.0,0
2019-12-23,11.38,11.38,11.09,11.12,370338.0,0
2019-12-24,11.13,11.21,11.12,11.2,216710.0,0
2019-12-25,11.21,11.21,11.12,11.16,136781.0,0
2019-12-26,11.18,11.24,11.15,11.21,157390.0,0
2019-12-27,11.17,11.35,11.17,11.24,279321.0,0
2019-12-30,11.19,11.28,11.04,11.26,410515.0,0
2019-12-31,11.24,11.3,11.13,11.29,319536.0,0
2020-01-02,11.39,11.56,11.37,11.39,516290.0,0
2020-01-03,11.49,11.55,11.39,11.52,380188.0,0
2020-01-06,11.44,11.57,11.34,11.38,410011.0,0
2020-01-07,11.43,11.52,11.38,11.42,284214.0,0
2020-01-08,11.33,11.37,11.17,11.24,352405.0,0
2020-01-09,11.31,11.35,11.27,11.29,261514.0,0
2020-01-10,11.29,11.34,11.23,11.31,183212.0,0
2020-01-13,11.32,11.33,11.23,11.33,207155.0,0
2020-01-14,11.32,11.61,11.31,11.35,299945.0,0
2020-01-15,11.33,11.37,11.17,11.17,318972.0,0
2020-01-16,11.2,11.23,11.08,11.12,224548.0,0
2020-01-17,11.14,11.21,11.08,11.15,175931.0,0
2020-01-20,11.18,11.19,11.11,11.17,237346.0,0
2020-01-21,11.12,11.17,10.96,11.0,317874.0,0
2020-01-22,10.62,10.76,10.57,10.69,781335.0,0
2020-01-23,10.67,10.67,10.24,10.27,765347.0,0
2020-02-03,9.14,9.61,9.14,9.39,953673.0,0
2020-02-04,9.43,9.66,9.4,9.58,667837.0,0
2020-02-05,9.61,9.7,9.5,9.62,450466.0,0
2020-02-06,9.73,9.78,9.57,9.71,380238.0,0
2020-02-07,9.65,9.83,9.59,9.78,318969.0,0
2020-02-10,9.68,9.76,9.63,9.69,340321.0,0
2020-02-11,9.74,9.87,9.7,9.78,348563.0,0
2020-02-12,9.76,9.8,9.68,9.78,263139.0,0
2020-02-13,9.74,9.8,9.68,9.68,226306.0,0
2020-02-14,9.68,9.8,9.66,9.78,223605.0,0
2020-02-17,9.8,10.13,9.78,10.1,413433.0,0
2020-02-18,10.01,10.1,9.96,9.98,301627.0,0
2020-02-19,10.0,10.16,9.96,10.03,251001.0,0
2020-02-20,10.09,10.19,9.98,10.15,366564.0,0
2020-02-21,10.15,10.31,10.13,10.22,389494.0,0
2020-02-24,10.15,10.26,10.02,10.08,447386.0,0
2020-02-25,9.99,10.07,9.93,10.01,483245.0,0
2020-02-26,9.93,10.25,9.93,10.12,519062.0,0
2020-02-27,10.12,10.22,10.05,10.13,330298.0,0
2020-02-28,10.03,10.1,9.77,9.77,501379.0,0
2020-03-02,9.87,10.02,9.84,9.96,392450.0,0
2020-03-03,10.05,10.15,9.96,9.98,393324.0,0
2020-03-04,9.93,10.02,9.87,9.95,346283.0,0
2020-03-05,10.0,10.24,9.95,10.24,730478.0,0
2020-03-06,10.15,10.2,10.03,10.04,415878.0,0
2020-03-09,9.92,9.92,9.67,9.7,594952.0,0
2020-03-10,9.63,9.88,9.62,9.79,447617.0,0
2020-03-11,9.85,9.85,9.69,9.69,316888.0,0
2020-03-12,9.67,9.67,9.53,9.56,326324.0,0
2020-03-13,9.32,9.65,9.2,9.62,574571.0,0
2020-03-16,9.62,9.7,9.42,9.43,476499.0,0
2020-03-17,9.6,9.61,9.21,9.35,421390.0,0
2020-03-18,9.32,9.42,9.12,9.13,331766.0,0
2020-03-19,9.11,9.26,8.78,8.86,557071.0,0
2020-03-20,9.04,9.1,8.88,9.01,426094.0,0
2020-03-23,8.87,8.87,8.74,8.76,282860.0,0
2020-03-24,8.95,9.05,8.9,8.98,289908.0,0
2020-03-25,9.12,9.19,9.04,9.07,321723.0,0
2020-03-26,9.02,9.29,9.0,9.15,309218.0,0
2020-03-27,9.27,9.3,9.12,9.16,271080.0,0
2020-03-30,9.1,9.2,9.03,9.2,260460.0,0
2020-03-31,9.22,9.28,9.05,9.07,261449.0,0
